{
  "Afghanistan": "Afghanistan",
  "Angola": "Angola",
  "Albania": "Albania",
  "Algeria": "Algeria",
  "Argentina": "Argentina",
  "Armenia": "Armenia",
  "Australia": "Australia",
  "Austria": "Austria",
  "Azerbaijan": "Azerbaijan",
  "Bahamas": "Bahamas",
  "Bangladesh": "Bangladesh",
  "Belgium": "Belgium",
  "Benin": "Benin",
  "Burkina Faso": "Burkina Faso",
  "Burundi": "Burundi",
  "Bulgaria": "Bulgaria",
  "Bosnia and Herz.": "Bosnia and Herz.",
  "Belarus": "Belarus",
  "Belize": "Belize",
  "Bermuda": "Bermuda",
  "Bolivia": "Bolivia",
  "Brazil": "Brazil",
  "Brunei": "Brunei",
  "Bhutan": "Bhutan",
  "Botswana": "Botswana",
  "Cambodia": "Cambodia",
  "Cameroon": "Cameroon",
  "Canada": "Canada",
  "Central African Rep.": "Central African Rep.",
  "Chad": "Chad",
  "Chile": "Chile",
  "China": "China",
  "Colombia": "Colombia",
  "Congo": "Congo",
  "Costa Rica": "Costa Rica",
  "C\u00f4te d'Ivoire": "C\u00f4te d'Ivoire",
  "Croatia": "Croatia",
  "Cuba": "Cuba",
  "Cyprus": "Cyprus",
  "Czech Rep.": "Czech Rep.",
  "Dem. Rep. Korea": "Dem. Rep. Korea",
  "Dem. Rep. Congo": "Dem. Rep. Congo",
  "Denmark": "Denmark",
  "Djibouti": "Djibouti",
  "Dominican Rep.": "Dominican Rep.",
  "Ecuador": "Ecuador",
  "Egypt": "Egypt",
  "El Salvador": "El Salvador",
  "Eq. Guinea": "Eq. Guinea",
  "Eritrea": "Eritrea",
  "Estonia": "Estonia",
  "Ethiopia": "Ethiopia",
  "Falkland Is.": "Falkland Is.",
  "Fiji": "Fiji",
  "Finland": "Finland",
  "France": "France",
  "French Guiana": "French Guiana",
  "Fr. S. Antarctic Lands": "Fr. S. Antarctic Lands",
  "Gabon": "Gabon",
  "Gambia": "Gambia",
  "Germany": "Germany",
  "Georgia": "Georgia",
  "Ghana": "Ghana",
  "Greece": "Greece",
  "Greenland": "Greenland",
  "Guatemala": "Guatemala",
  "Guinea": "Guinea",
  "Guinea-Bissau": "Guinea-Bissau",
  "Guyana": "Guyana",
  "Haiti": "Haiti",
  "Heard I. and McDonald Is.": "Heard I. and McDonald Is.",
  "Honduras": "Honduras",
  "Hungary": "Hungary",
  "Iceland": "Iceland",
  "India": "India",
  "Indonesia": "Indonesia",
  "Iran": "Iran",
  "Iraq": "Iraq",
  "Ireland": "Ireland",
  "Israel": "Israel",
  "Italy": "Italy",
  "Ivory Coast": "Ivory Coast",
  "Jamaica": "Jamaica",
  "Japan": "Japan",
  "Jordan": "Jordan",
  "Kashmir": "Kashmir",
  "Kazakhstan": "Kazakhstan",
  "Kenya": "Kenya",
  "Kosovo": "Kosovo",
  "Kuwait": "Kuwait",
  "Kyrgyzstan": "Kyrgyzstan",
  "Laos": "Laos",
  "Lao PDR": "Lao PDR",
  "Latvia": "Latvia",
  "Lebanon": "Lebanon",
  "Lesotho": "Lesotho",
  "Liberia": "Liberia",
  "Libya": "Libya",
  "Lithuania": "Lithuania",
  "Luxembourg": "Luxembourg",
  "Madagascar": "Madagascar",
  "Macedonia": "Macedonia",
  "Malawi": "Malawi",
  "Malaysia": "Malaysia",
  "Mali": "Mali",
  "Mauritania": "Mauritania",
  "Mexico": "Mexico",
  "Moldova": "Moldova",
  "Mongolia": "Mongolia",
  "Montenegro": "Montenegro",
  "Morocco": "Morocco",
  "Mozambique": "Mozambique",
  "Myanmar": "Myanmar",
  "Namibia": "Namibia",
  "Netherlands": "Netherlands",
  "New Caledonia": "New Caledonia",
  "New Zealand": "New Zealand",
  "Nepal": "Nepal",
  "Nicaragua": "Nicaragua",
  "Niger": "Niger",
  "Nigeria": "Nigeria",
  "Korea": "Korea",
  "Northern Cyprus": "Northern Cyprus",
  "Norway": "Norway",
  "Oman": "Oman",
  "Pakistan": "Pakistan",
  "Panama": "Panama",
  "Papua New Guinea": "Papua New Guinea",
  "Paraguay": "Paraguay",
  "Peru": "Peru",
  "Republic of the Congo": "Republic of the Congo",
  "Philippines": "Philippines",
  "Poland": "Poland",
  "Portugal": "Portugal",
  "Puerto Rico": "Puerto Rico",
  "Qatar": "Qatar",
  "Republic of Seychelles": "Republic of Seychelles",
  "Romania": "Romania",
  "Russia": "Russia",
  "Rwanda": "Rwanda",
  "Samoa": "Samoa",
  "Saudi Arabia": "Saudi Arabia",
  "Senegal": "Senegal",
  "Serbia": "Serbia",
  "Sierra Leone": "Sierra Leone",
  "Slovakia": "Slovakia",
  "Slovenia": "Slovenia",
  "Solomon Is.": "Solomon Is.",
  "Somaliland": "Somaliland",
  "Somalia": "Somalia",
  "South Africa": "South Africa",
  "S. Geo. and S. Sandw. Is.": "S. Geo. and S. Sandw. Is.",
  "S. Sudan": "S. Sudan",
  "Spain": "Spain",
  "Sri Lanka": "Sri Lanka",
  "Sudan": "Sudan",
  "Suriname": "Suriname",
  "Swaziland": "Swaziland",
  "Sweden": "Sweden",
  "Switzerland": "Switzerland",
  "Syria": "Syria",
  "Tajikistan": "Tajikistan",
  "Tanzania": "Tanzania",
  "Thailand": "Thailand",
  "The Kingdom of Tonga": "The Kingdom of Tonga",
  "Timor-Leste": "Timor-Leste",
  "Togo": "Togo",
  "Trinidad and Tobago": "Trinidad and Tobago",
  "Tunisia": "Tunisia",
  "Turkey": "Turkey",
  "Turkmenistan": "Turkmenistan",
  "Uganda": "Uganda",
  "Ukraine": "Ukraine",
  "United Arab Emirates": "United Arab Emirates",
  "United Kingdom": "United Kingdom",
  "United Republic of Tanzania": "United Republic of Tanzania",
  "United States": "United States",
  "United States of America": "United States of America",
  "Uruguay": "Uruguay",
  "Uzbekistan": "Uzbekistan",
  "Vanuatu": "Vanuatu",
  "Venezuela": "Venezuela",
  "Vietnam": "Vietnam",
  "West Bank": "West Bank",
  "W. Sahara": "W. Sahara",
  "Yemen": "Yemen",
  "Zambia": "Zambia",
  "Zimbabwe": "Zimbabwe"
}